﻿<?xml version="1.0" encoding="UTF-8"?>
<prefix language_label="French" language_tag="fr" label="OpenID Connector" name="openidconnect">
   <key name="admin_title">
      <value>Open ID Settings</value>
   </key>
   <key name="admin_heading">
      <value>OPEN ID - PLUGIN SETTINGS</value>
   </key>
   <key name="add_key_submit">
      <value>SAVE</value>
   </key>
   <key name="login">
      <value>Log In</value>
   </key>
   <key name="msg_login">
      <value> vous êtes connecté(e).</value>
   </key>
   <key name="new_facebook_user_email_subject">
      <value>A new user joined through Facebook</value>
   </key>
   <key name="new_facebook_user_email_template_html">
      <value>&lt;a href="{$user_url}"&gt;{$display_name}&lt;/a&gt; just joined SPOD using Facebook Authentication.</value>
   </key>
   <key name="new_facebook_user_email_template_text">
      <value>{$display_name} just joined SPOD using Facebook Authentication. Check his/her profile here: {$user_url}</value>
   </key>
</prefix>
