﻿<?xml version="1.0" encoding="UTF-8"?>
<prefix language_label="Spanish" language_tag="es-ES" label="OpenID Connector" name="openidconnect">
   <key name="admin_title">
      <value>Abre ajustes de ID</value>
   </key>
   <key name="admin_heading">
      <value>Abre ID - PLUGIN DE AJUSTES</value>
   </key>
   <key name="add_key_submit">
      <value>GUARDAR</value>
   </key>
   <key name="login">
      <value>Inicia sesión</value>
   </key>
   <key name="msg_login">
      <value> Ahora estás conectado.</value>
   </key>
   <key name="new_facebook_user_email_subject">
      <value>Un nuevo usuario se unió a través de Facebook</value>
   </key>
   <key name="new_facebook_user_email_template_html">
      <value>&lt;a href="{$user_url}"&gt;{$display_name}&lt;/a&gt; acaba de unirse a SPOD utilizando la autenticación de Facebook.</value>
   </key>
   <key name="new_facebook_user_email_template_text">
      <value>{$display_name} acaba de unirse a SPOD utilizando la autenticación de Facebook. Ve su perfil aquí: {$user_url}</value>
   </key>
</prefix>
